{
    "caseSensitive": false,
    "collapseBooleanAttributes": true,
    "collapseInlineTagWhitespace": false,
    "collapseWhitespace": true,
    "conservativeCollapse": false,
    "customAttrAssign": [],
    "customAttrCollapse": ".*",
    "customAttrSurround": [],
    "customEventAttributes": ["^on[a-z]{3,}$"],
    "decodeEntities": true,
    "html5": true,
    "ignoreCustomComments": ["^!"],
    "ignoreCustomFragments": [
        "<#[\\s\\S]*?#>",
        "<%[\\s\\S]*?%>",
        "<\\?[\\s\\S]*?\\?>"
    ],
    "includeAutoGeneratedTags": false,
    "keepClosingSlash": false,
    "maxLineLength": 0,
    "minifyCSS": true,
    "minifyJS": true,
    "minifyURLs": true,
    "preserveLineBreaks": false,
    "preventAttributesEscaping": false,
    "processConditionalComments": true,
    "processScripts": [
        "text/html"
    ],
    "quoteCharacter": "\"",
    "removeAttributeQuotes": true,
    "removeComments": true,
    "removeEmptyAttributes": true,
    "removeEmptyElements": true,
    "removeOptionalTags": true,
    "removeRedundantAttributes": true,
    "removeScriptTypeAttributes": true,
    "removeStyleLinkTypeAttributes": true,
    "removeTagWhitespace": false,
    "sortAttributes": true,
    "sortClassName": true,
    "trimCustomFragments": true,
    "useShortDoctype": true
}
